{"cameraMode":{"drawMode":0,"name":"Shaded","section":"Shading Mode"},"sceneLighting":false,"audioPlay":false,"sceneViewState":{"m_AlwaysRefresh":false,"showFog":true,"showSkybox":false,"showFlares":true,"showImageEffects":true,"showParticleSystems":true,"showVisualEffectGraphs":true,"m_FxEnabled":true},"in2DMode":false,"pivot":{"x":-49.00735855102539,"y":17.45145606994629,"z":24.220706939697267},"rotation":{"x":0.11079145967960358,"y":0.3760770857334137,"z":-0.045348796993494037,"w":0.9188229441642761},"size":49.467674255371097,"orthographic":false}