{"cameraMode":{"drawMode":0,"name":"Shaded","section":"Shading Mode"},"sceneLighting":false,"audioPlay":false,"sceneViewState":{"m_AlwaysRefresh":false,"showFog":true,"showSkybox":false,"showFlares":true,"showImageEffects":true,"showParticleSystems":true,"showVisualEffectGraphs":true,"m_FxEnabled":true},"in2DMode":false,"pivot":{"x":-47.293617248535159,"y":57.58180618286133,"z":-11.130578994750977},"rotation":{"x":0.45026591420173647,"y":0.11065728962421417,"z":-0.05634946748614311,"w":0.8842183351516724},"size":34.23426818847656,"orthographic":true}