{"cameraMode":{"drawMode":0,"name":"Shaded","section":"Shading Mode"},"sceneLighting":false,"audioPlay":false,"sceneViewState":{"m_AlwaysRefresh":false,"showFog":true,"showSkybox":false,"showFlares":true,"showImageEffects":true,"showParticleSystems":true,"showVisualEffectGraphs":true,"m_FxEnabled":true},"in2DMode":false,"pivot":{"x":-20.450008392333986,"y":6.417529106140137,"z":-13.034225463867188},"rotation":{"x":-0.31814804673194888,"y":-0.05343443155288696,"z":0.017962712794542314,"w":-0.9463626742362976},"size":26.043052673339845,"orthographic":false}