{"cameraMode":{"drawMode":0,"name":"Shaded","section":"Shading Mode"},"sceneLighting":false,"audioPlay":false,"sceneViewState":{"m_AlwaysRefresh":false,"showFog":true,"showSkybox":false,"showFlares":true,"showImageEffects":true,"showParticleSystems":true,"showVisualEffectGraphs":true,"m_FxEnabled":true},"in2DMode":false,"pivot":{"x":0.02547454833984375,"y":0.06999993324279785,"z":1.739990234375},"rotation":{"x":-0.11294423788785935,"y":0.13872797787189485,"z":-0.015929510816931726,"w":-0.9837429523468018},"size":0.8660253882408142,"orthographic":false}