{"cameraMode":{"drawMode":0,"name":"Shaded","section":"Shading Mode"},"sceneLighting":false,"audioPlay":false,"sceneViewState":{"m_AlwaysRefresh":false,"showFog":true,"showSkybox":false,"showFlares":true,"showImageEffects":true,"showParticleSystems":true,"showVisualEffectGraphs":true,"m_FxEnabled":true},"in2DMode":false,"pivot":{"x":-17.82790756225586,"y":15.319916725158692,"z":59.6478385925293},"rotation":{"x":-0.025496354326605798,"y":8.982110557553824e-7,"z":-0.0000012752735756293987,"w":0.9996733665466309},"size":32.433048248291019,"orthographic":false}