{"cameraMode":{"drawMode":0,"name":"Shaded","section":"Shading Mode"},"sceneLighting":false,"audioPlay":false,"sceneViewState":{"m_AlwaysRefresh":false,"showFog":true,"showSkybox":false,"showFlares":true,"showImageEffects":true,"showParticleSystems":true,"showVisualEffectGraphs":true,"m_FxEnabled":true},"in2DMode":false,"pivot":{"x":-2.0930662155151369,"y":17.043901443481447,"z":58.494049072265628},"rotation":{"x":-0.0449637696146965,"y":0.02996593527495861,"z":0.001348006771877408,"w":0.9985379576683044},"size":40.20718002319336,"orthographic":false}