{"cameraMode":{"drawMode":0,"name":"Shaded","section":"Shading Mode"},"sceneLighting":false,"audioPlay":false,"sceneViewState":{"m_AlwaysRefresh":false,"showFog":true,"showSkybox":false,"showFlares":true,"showImageEffects":true,"showParticleSystems":true,"showVisualEffectGraphs":true,"m_FxEnabled":true},"in2DMode":false,"pivot":{"x":-2.5899999141693117,"y":7.664658546447754,"z":3.917668342590332},"rotation":{"x":0.11079145967960358,"y":0.3760770857334137,"z":-0.045348796993494037,"w":0.9188229441642761},"size":1.9430863857269288,"orthographic":false}