{"cameraMode":{"drawMode":0,"name":"Shaded","section":"Shading Mode"},"sceneLighting":false,"audioPlay":false,"sceneViewState":{"m_AlwaysRefresh":false,"showFog":true,"showSkybox":false,"showFlares":true,"showImageEffects":true,"showParticleSystems":true,"showVisualEffectGraphs":true,"m_FxEnabled":true},"in2DMode":false,"pivot":{"x":-8.991640090942383,"y":1.3380701541900635,"z":37.49515914916992},"rotation":{"x":0.17857888340950013,"y":0.06979408860206604,"z":-0.012700248509645462,"w":0.9813663363456726},"size":21.01836395263672,"orthographic":true}