{"cameraMode":{"drawMode":0,"name":"Shaded","section":"Shading Mode"},"sceneLighting":false,"audioPlay":false,"sceneViewState":{"m_AlwaysRefresh":false,"showFog":true,"showSkybox":false,"showFlares":true,"showImageEffects":true,"showParticleSystems":true,"showVisualEffectGraphs":true,"m_FxEnabled":true},"in2DMode":false,"pivot":{"x":2.2502851486206056,"y":9.352417945861817,"z":19.643611907958986},"rotation":{"x":0.10552637279033661,"y":0.3022351861000061,"z":-0.033688198775053027,"w":0.9467756748199463},"size":2.193021535873413,"orthographic":false}