{"cameraMode":{"drawMode":0,"name":"Shaded","section":"Shading Mode"},"sceneLighting":false,"audioPlay":false,"sceneViewState":{"m_AlwaysRefresh":false,"showFog":true,"showSkybox":false,"showFlares":true,"showImageEffects":true,"showParticleSystems":true,"showVisualEffectGraphs":true,"m_FxEnabled":true},"in2DMode":false,"pivot":{"x":-14.858882904052735,"y":14.842754364013672,"z":9.680338859558106},"rotation":{"x":0.021623529493808748,"y":0.4081912040710449,"z":0.009671149775385857,"w":-0.9125891923904419},"size":9.908140182495118,"orthographic":false}