{"cameraMode":{"drawMode":0,"name":"Shaded","section":"Shading Mode"},"sceneLighting":true,"audioPlay":false,"sceneViewState":{"m_AlwaysRefresh":false,"showFog":true,"showSkybox":false,"showFlares":true,"showImageEffects":true,"showParticleSystems":true,"showVisualEffectGraphs":true,"m_FxEnabled":true},"in2DMode":false,"pivot":{"x":92.8873291015625,"y":-45.743186950683597,"z":171.44801330566407},"rotation":{"x":-0.16030000150203706,"y":-0.12490028887987137,"z":0.020450850948691369,"w":-0.9789256453514099},"size":83.68175506591797,"orthographic":false}