{"cameraMode":{"drawMode":0,"name":"Shaded","section":"Shading Mode"},"sceneLighting":true,"audioPlay":false,"sceneViewState":{"m_AlwaysRefresh":false,"showFog":true,"showSkybox":false,"showFlares":true,"showImageEffects":true,"showParticleSystems":true,"showVisualEffectGraphs":true,"m_FxEnabled":true},"in2DMode":false,"pivot":{"x":7.208495140075684,"y":20.508773803710939,"z":58.44013214111328},"rotation":{"x":-0.0449637696146965,"y":0.02996593527495861,"z":0.001348006771877408,"w":0.9985379576683044},"size":58.85744857788086,"orthographic":false}