{"cameraMode":{"drawMode":0,"name":"Shaded","section":"Shading Mode"},"sceneLighting":true,"audioPlay":false,"sceneViewState":{"m_AlwaysRefresh":false,"showFog":true,"showSkybox":false,"showFlares":true,"showImageEffects":true,"showParticleSystems":true,"showVisualEffectGraphs":true,"m_FxEnabled":true},"in2DMode":false,"pivot":{"x":50.744110107421878,"y":9.678533554077149,"z":-0.5758042335510254},"rotation":{"x":0.19010166823863984,"y":-0.13733917474746705,"z":-0.026870010420680047,"w":-0.9717440605163574},"size":7.1560282707214359,"orthographic":false}