{"cameraMode":{"drawMode":0,"name":"Shaded","section":"Shading Mode"},"sceneLighting":true,"audioPlay":false,"sceneViewState":{"m_AlwaysRefresh":false,"showFog":true,"showSkybox":false,"showFlares":true,"showImageEffects":true,"showParticleSystems":true,"showVisualEffectGraphs":true,"m_FxEnabled":true},"in2DMode":false,"pivot":{"x":4.640589237213135,"y":-14.08530044555664,"z":330.3299255371094},"rotation":{"x":0.07342272996902466,"y":-0.017949866130948068,"z":0.001320511568337679,"w":0.997136652469635},"size":144.88864135742188,"orthographic":false}