{"cameraMode":{"drawMode":0,"name":"Shaded","section":"Shading Mode"},"sceneLighting":true,"audioPlay":false,"sceneViewState":{"m_AlwaysRefresh":false,"showFog":true,"showSkybox":false,"showFlares":true,"showImageEffects":true,"showParticleSystems":true,"showVisualEffectGraphs":true,"m_FxEnabled":true},"in2DMode":false,"pivot":{"x":-9.517087936401368,"y":16.05168342590332,"z":-48.55017852783203},"rotation":{"x":0.041988253593444827,"y":-0.002996764611452818,"z":0.00012475087714847177,"w":0.9991114139556885},"size":-44.915321350097659,"orthographic":false}