{"cameraMode":{"drawMode":0,"name":"Shaded","section":"Shading Mode"},"sceneLighting":true,"audioPlay":false,"sceneViewState":{"m_AlwaysRefresh":false,"showFog":true,"showSkybox":false,"showFlares":true,"showImageEffects":true,"showParticleSystems":true,"showVisualEffectGraphs":true,"m_FxEnabled":true},"in2DMode":false,"pivot":{"x":14.392006874084473,"y":2.139193058013916,"z":62.68409729003906},"rotation":{"x":0.04626243934035301,"y":0.09724032878875733,"z":-0.004524933639913797,"w":0.9941738247871399},"size":40.35531997680664,"orthographic":false}