{"cameraMode":{"drawMode":0,"name":"Shaded","section":"Shading Mode"},"sceneLighting":true,"audioPlay":false,"sceneViewState":{"m_AlwaysRefresh":false,"showFog":true,"showSkybox":false,"showFlares":true,"showImageEffects":true,"showParticleSystems":true,"showVisualEffectGraphs":true,"m_FxEnabled":true},"in2DMode":false,"pivot":{"x":-4.15861701965332,"y":3.168747901916504,"z":31.070053100585939},"rotation":{"x":0.004256934858858585,"y":0.7046923041343689,"z":-0.004227937199175358,"w":0.7094964385032654},"size":13.54012393951416,"orthographic":true}