{"cameraMode":{"drawMode":0,"name":"Shaded","section":"Shading Mode"},"sceneLighting":true,"audioPlay":false,"sceneViewState":{"m_AlwaysRefresh":false,"showFog":true,"showSkybox":false,"showFlares":true,"showImageEffects":true,"showParticleSystems":true,"showVisualEffectGraphs":true,"m_FxEnabled":true},"in2DMode":false,"pivot":{"x":3.97505521774292,"y":14.459239959716797,"z":28.325801849365236},"rotation":{"x":-0.0449637696146965,"y":0.02996593527495861,"z":0.001348006771877408,"w":0.9985379576683044},"size":41.012168884277347,"orthographic":false}