{"cameraMode":{"drawMode":0,"name":"Shaded","section":"Shading Mode"},"sceneLighting":true,"audioPlay":false,"sceneViewState":{"m_AlwaysRefresh":false,"showFog":true,"showSkybox":false,"showFlares":true,"showImageEffects":true,"showParticleSystems":true,"showVisualEffectGraphs":true,"m_FxEnabled":true},"in2DMode":false,"pivot":{"x":-60.858673095703128,"y":102.95384216308594,"z":3.7330665588378908},"rotation":{"x":0.10552637279033661,"y":0.3022351861000061,"z":-0.033688198775053027,"w":0.9467756748199463},"size":31.992652893066408,"orthographic":false}