{"cameraMode":{"drawMode":0,"name":"Shaded","section":"Shading Mode"},"sceneLighting":true,"audioPlay":false,"sceneViewState":{"m_AlwaysRefresh":false,"showFog":true,"showSkybox":false,"showFlares":true,"showImageEffects":true,"showParticleSystems":true,"showVisualEffectGraphs":true,"m_FxEnabled":true},"in2DMode":false,"pivot":{"x":-18.094694137573243,"y":9.01545238494873,"z":-6.533655643463135},"rotation":{"x":0.07342272996902466,"y":-0.017949866130948068,"z":0.001320511568337679,"w":0.997136652469635},"size":245.96095275878907,"orthographic":false}