{"cameraMode":{"drawMode":0,"name":"Shaded","section":"Shading Mode"},"sceneLighting":true,"audioPlay":false,"sceneViewState":{"m_AlwaysRefresh":false,"showFog":true,"showSkybox":false,"showFlares":true,"showImageEffects":true,"showParticleSystems":true,"showVisualEffectGraphs":true,"m_FxEnabled":true},"in2DMode":false,"pivot":{"x":7.899999618530273,"y":2.3082518577575685,"z":206.564453125},"rotation":{"x":0.041988253593444827,"y":-0.002996764611452818,"z":0.00012475087714847177,"w":0.9991114139556885},"size":6.474096298217773,"orthographic":false}