{"cameraMode":{"drawMode":0,"name":"Shaded","section":"Shading Mode"},"sceneLighting":true,"audioPlay":false,"sceneViewState":{"m_AlwaysRefresh":false,"showFog":true,"showSkybox":false,"showFlares":true,"showImageEffects":true,"showParticleSystems":true,"showVisualEffectGraphs":true,"m_FxEnabled":true},"in2DMode":false,"pivot":{"x":1.5059592723846436,"y":7.505578517913818,"z":-9.26443099975586},"rotation":{"x":0.07896625250577927,"y":0.10596299171447754,"z":-0.008441831916570664,"w":0.9911925792694092},"size":11.561079025268555,"orthographic":false}