{"cameraMode":{"drawMode":0,"name":"Shaded","section":"Shading Mode"},"sceneLighting":true,"audioPlay":false,"sceneViewState":{"m_AlwaysRefresh":false,"showFog":true,"showSkybox":false,"showFlares":true,"showImageEffects":true,"showParticleSystems":true,"showVisualEffectGraphs":true,"m_FxEnabled":true},"in2DMode":false,"pivot":{"x":-0.2999999523162842,"y":6.150000095367432,"z":-3.5899999141693117},"rotation":{"x":0.04626243934035301,"y":0.09724032878875733,"z":-0.004524933639913797,"w":0.9941738247871399},"size":2.7950849533081056,"orthographic":false}