{"cameraMode":{"drawMode":0,"name":"Shaded","section":"Shading Mode"},"sceneLighting":true,"audioPlay":false,"sceneViewState":{"m_AlwaysRefresh":false,"showFog":true,"showSkybox":false,"showFlares":true,"showImageEffects":true,"showParticleSystems":true,"showVisualEffectGraphs":true,"m_FxEnabled":true},"in2DMode":false,"pivot":{"x":-20.246536254882814,"y":3.033216953277588,"z":11.839712142944336},"rotation":{"x":-0.03404740244150162,"y":0.8926766514778137,"z":-0.06842346489429474,"w":-0.4441717863082886},"size":28.983200073242189,"orthographic":false}