{"cameraMode":{"drawMode":0,"name":"Shaded","section":"Shading Mode"},"sceneLighting":true,"audioPlay":false,"sceneViewState":{"m_AlwaysRefresh":false,"showFog":true,"showSkybox":false,"showFlares":true,"showImageEffects":true,"showParticleSystems":true,"showVisualEffectGraphs":true,"m_FxEnabled":true},"in2DMode":false,"pivot":{"x":125.36578369140625,"y":60.93501663208008,"z":238.14535522460938},"rotation":{"x":0.09464352577924729,"y":-0.13634511828422547,"z":-0.01308891549706459,"w":-0.9860479235649109},"size":126.52823638916016,"orthographic":false}