{"cameraMode":{"drawMode":0,"name":"Shaded","section":"Shading Mode"},"sceneLighting":true,"audioPlay":false,"sceneViewState":{"m_AlwaysRefresh":false,"showFog":true,"showSkybox":false,"showFlares":true,"showImageEffects":true,"showParticleSystems":true,"showVisualEffectGraphs":true,"m_FxEnabled":true},"in2DMode":false,"pivot":{"x":58.974021911621097,"y":-33.50894546508789,"z":85.19316101074219},"rotation":{"x":0.10552637279033661,"y":0.3022351861000061,"z":-0.033688198775053027,"w":0.9467756748199463},"size":152.82687377929688,"orthographic":false}