{"cameraMode":{"drawMode":0,"name":"Shaded","section":"Shading Mode"},"sceneLighting":true,"audioPlay":false,"sceneViewState":{"m_AlwaysRefresh":false,"showFog":true,"showSkybox":false,"showFlares":true,"showImageEffects":true,"showParticleSystems":true,"showVisualEffectGraphs":true,"m_FxEnabled":true},"in2DMode":false,"pivot":{"x":71.45169067382813,"y":-97.54888916015625,"z":233.95265197753907},"rotation":{"x":-0.20413140952587129,"y":-0.046385955065488818,"z":0.009682073257863522,"w":-0.9777994155883789},"size":132.03213500976563,"orthographic":false}