{"cameraMode":{"drawMode":0,"name":"Shaded","section":"Shading Mode"},"sceneLighting":true,"audioPlay":false,"sceneViewState":{"m_AlwaysRefresh":false,"showFog":true,"showSkybox":false,"showFlares":true,"showImageEffects":true,"showParticleSystems":true,"showVisualEffectGraphs":true,"m_FxEnabled":true},"in2DMode":false,"pivot":{"x":2.625363349914551,"y":10.092488288879395,"z":40.100528717041019},"rotation":{"x":0.370810329914093,"y":0.6288555860519409,"z":-0.47016870975494387,"w":0.49596166610717776},"size":26.529584884643556,"orthographic":false}