{"cameraMode":{"drawMode":0,"name":"Shaded","section":"Shading Mode"},"sceneLighting":true,"audioPlay":false,"sceneViewState":{"m_AlwaysRefresh":false,"showFog":true,"showSkybox":false,"showFlares":true,"showImageEffects":true,"showParticleSystems":true,"showVisualEffectGraphs":true,"m_FxEnabled":true},"in2DMode":false,"pivot":{"x":55.098812103271487,"y":11.483878135681153,"z":4.447727203369141},"rotation":{"x":0.09464352577924729,"y":-0.13634511828422547,"z":-0.01308891549706459,"w":-0.9860479235649109},"size":9.218294143676758,"orthographic":false}