{"cameraMode":{"drawMode":0,"name":"Shaded","section":"Shading Mode"},"sceneLighting":true,"audioPlay":false,"sceneViewState":{"m_AlwaysRefresh":false,"showFog":true,"showSkybox":false,"showFlares":true,"showImageEffects":true,"showParticleSystems":true,"showVisualEffectGraphs":true,"m_FxEnabled":true},"in2DMode":false,"pivot":{"x":111.33934020996094,"y":236.26651000976563,"z":-61.00694274902344},"rotation":{"x":0.04032731056213379,"y":0.08890095353126526,"z":0.003604106605052948,"w":-0.9952185153961182},"size":216.09140014648438,"orthographic":false}