{"cameraMode":{"drawMode":0,"name":"Shaded","section":"Shading Mode"},"sceneLighting":true,"audioPlay":false,"sceneViewState":{"m_AlwaysRefresh":false,"showFog":true,"showSkybox":false,"showFlares":true,"showImageEffects":true,"showParticleSystems":true,"showVisualEffectGraphs":true,"m_FxEnabled":true},"in2DMode":false,"pivot":{"x":36.49997329711914,"y":7.902607440948486,"z":0.6190700531005859},"rotation":{"x":0.04626243934035301,"y":0.09724032878875733,"z":-0.004524933639913797,"w":0.9941738247871399},"size":7.134152412414551,"orthographic":false}