{"cameraMode":{"drawMode":0,"name":"Shaded","section":"Shading Mode"},"sceneLighting":false,"audioPlay":false,"sceneViewState":{"m_AlwaysRefresh":false,"showFog":true,"showSkybox":false,"showFlares":true,"showImageEffects":true,"showParticleSystems":true,"showVisualEffectGraphs":true,"m_FxEnabled":true},"in2DMode":false,"pivot":{"x":-0.1465437412261963,"y":6.502556800842285,"z":0.8512964248657227},"rotation":{"x":-0.0449637696146965,"y":0.02996593527495861,"z":0.001348006771877408,"w":0.9985379576683044},"size":0.8660253882408142,"orthographic":false}