{"cameraMode":{"drawMode":0,"name":"Shaded","section":"Shading Mode"},"sceneLighting":false,"audioPlay":false,"sceneViewState":{"m_AlwaysRefresh":false,"showFog":true,"showSkybox":false,"showFlares":true,"showImageEffects":true,"showParticleSystems":true,"showVisualEffectGraphs":true,"m_FxEnabled":true},"in2DMode":false,"pivot":{"x":-97.79324340820313,"y":161.45379638671876,"z":-80.58422088623047},"rotation":{"x":0.45026591420173647,"y":0.11065728962421417,"z":-0.05634946748614311,"w":0.8842183351516724},"size":32.538177490234378,"orthographic":true}