{"cameraMode":{"drawMode":0,"name":"Shaded","section":"Shading Mode"},"sceneLighting":false,"audioPlay":false,"sceneViewState":{"m_AlwaysRefresh":false,"showFog":true,"showSkybox":false,"showFlares":true,"showImageEffects":true,"showParticleSystems":true,"showVisualEffectGraphs":true,"m_FxEnabled":true},"in2DMode":false,"pivot":{"x":-0.44878721237182619,"y":15.227409362792969,"z":33.72203826904297},"rotation":{"x":0.11652390658855438,"y":-0.059554390609264377,"z":0.006999032571911812,"w":0.9913736581802368},"size":43.35044479370117,"orthographic":false}