{"cameraMode":{"drawMode":0,"name":"Shaded","section":"Shading Mode"},"sceneLighting":false,"audioPlay":false,"sceneViewState":{"m_AlwaysRefresh":false,"showFog":true,"showSkybox":false,"showFlares":true,"showImageEffects":true,"showParticleSystems":true,"showVisualEffectGraphs":true,"m_FxEnabled":true},"in2DMode":false,"pivot":{"x":-2.9157395362854006,"y":3.6307477951049806,"z":-0.3375006914138794},"rotation":{"x":-0.21596011519432069,"y":-0.162578284740448,"z":0.036490898579359058,"w":-0.9620850682258606},"size":3.8889262676239015,"orthographic":false}